"代币","地址","RSI周期","信号点位","RSI值","价格"
"祭四","0x178e7955d9166c07e39235b808a84653d3f64444","6","7","100.00","0.00000355"
"祭四","0x178e7955d9166c07e39235b808a84653d3f64444","6","8","100.00","0.00000355"
"祭四","0x178e7955d9166c07e39235b808a84653d3f64444","6","9","100.00","0.00000355"
"祭四","0x178e7955d9166c07e39235b808a84653d3f64444","6","10","100.00","0.00000355"
"祭四","0x178e7955d9166c07e39235b808a84653d3f64444","9","10","100.00","0.00000355"
"最差春晚","0x7f99a2895b9a4801532b02faa481499d2edf4444","6","7","100.00","0.00000375"
"最差春晚","0x7f99a2895b9a4801532b02faa481499d2edf4444","6","8","100.00","0.00000375"
"武BOT","0xf52134462d75c4bbe25b04ab8f6dae2e41e54444","6","7","100.00","0.00000356"
"武BOT","0xf52134462d75c4bbe25b04ab8f6dae2e41e54444","6","8","92.84","0.00000356"
"武BOT","0xf52134462d75c4bbe25b04ab8f6dae2e41e54444","6","9","76.09","0.00000356"
"武BOT","0xf52134462d75c4bbe25b04ab8f6dae2e41e54444","6","10","76.09","0.00000356"
"武BOT","0xf52134462d75c4bbe25b04ab8f6dae2e41e54444","9","10","81.37","0.00000356"
"浇头","0xeafd575f8155d75a48169cdc73204261b97b4444","6","7","100.00","0.00000354"
"浇头","0xeafd575f8155d75a48169cdc73204261b97b4444","6","8","100.00","0.00000354"
"海骝马","0x55b53adcc358766cdeeb9517d18e3e32b8594444","6","7","100.00","0.00000394"
"海骝马","0x55b53adcc358766cdeeb9517d18e3e32b8594444","6","8","100.00","0.00000394"